x, y, GOAL_THRESHOLD;
175.000000, 46.000000, 1.500000;
