x, y, GOAL_THRESHOLD;
182.000000, 0.000000, 1.500000;
