x, y, GOAL_THRESHOLD;
182.000678, -1.000000, 1.500000;
