ID, cx, cy, L, W, ob1_x, ob1_y, ob2_x, ob2_y, ob3_x, ob3_y, ob4_x, ob4_y, v1_x, v1_y, v2_x, v2_y, v3_x, v3_y, v4_x, v4_y;
1, 63.500000, 10.000000, 0.500000, 0.500000, 63.250000, 10.250000, 63.750000, 10.250000, 63.250000, 9.750000, 63.750000, 9.750000, 62.750000, 10.750000, 64.250000, 10.750000, 62.750000, 9.250000, 64.250000, 9.250000;
1, 65.000000, 10.000000, 0.500000, 0.500000, 64.750000, 10.250000, 65.250000, 10.250000, 64.750000, 9.750000, 65.250000, 9.750000, 64.250000, 10.750000, 65.750000, 10.750000, 64.250000, 9.250000, 65.750000, 9.250000;
1, 67.000000, -20.000000, 0.500000, 0.500000, 66.750000, -19.750000, 67.250000, -19.750000, 66.750000, -20.250000, 67.250000, -20.250000, 66.250000, -19.250000, 67.750000, -19.250000, 66.250000, -20.750000, 67.750000, -20.750000;
1, 68.500000, -20.000000, 0.500000, 0.500000, 68.250000, -19.750000, 68.750000, -19.750000, 68.250000, -20.250000, 68.750000, -20.250000, 67.750000, -19.250000, 69.250000, -19.250000, 67.750000, -20.750000, 69.250000, -20.750000;
3, 130.000000, -5.000000, 2.000000, 2.000000, 129.000000, -4.000000, 131.000000, -4.000000, 129.000000, -6.000000, 131.000000, -6.000000, 128.500000, -3.500000, 131.500000, -3.500000, 128.500000, -6.500000, 131.500000, -6.500000;
3, 134.000000, 15.000000, 2.000000, 3.000000, 133.000000, 16.500000, 135.000000, 16.500000, 133.000000, 13.500000, 135.000000, 13.500000, 132.500000, 17.000000, 135.500000, 17.000000, 132.500000, 13.000000, 135.500000, 13.000000;
