ID, cx, cy, L, W, ob1_x, ob1_y, ob2_x, ob2_y, ob3_x, ob3_y, ob4_x, ob4_y, v1_x, v1_y, v2_x, v2_y, v3_x, v3_y, v4_x, v4_y;
1, 0.000000, 0.000000, 0.500000, 0.500000, -0.250000, 0.250000, 0.250000, 0.250000, -0.250000, -0.250000, 0.250000, -0.250000, -0.750000, 0.750000, 0.750000, 0.750000, -0.750000, -0.750000, 0.750000, -0.750000;
1, 65.000000, -0.500000, 0.500000, 0.500000, 64.750000, -0.250000, 65.250000, -0.250000, 64.750000, -0.750000, 65.250000, -0.750000, 64.250000, 0.250000, 65.750000, 0.250000, 64.250000, -1.250000, 65.750000, -1.250000;
1, 65.000000, -1.500000, 0.500000, 0.500000, 64.750000, -1.250000, 65.250000, -1.250000, 64.750000, -1.750000, 65.250000, -1.750000, 64.250000, -0.750000, 65.750000, -0.750000, 64.250000, -2.250000, 65.750000, -2.250000;
1, 90.000000, 0.500000, 0.500000, 0.500000, 89.750000, 0.750000, 90.250000, 0.750000, 89.750000, 0.250000, 90.250000, 0.250000, 89.250000, 1.250000, 90.750000, 1.250000, 89.250000, -0.250000, 90.750000, -0.250000;
1, 90.000000, 1.500000, 0.500000, 0.500000, 89.750000, 1.750000, 90.250000, 1.750000, 89.750000, 1.250000, 90.250000, 1.250000, 89.250000, 2.250000, 90.750000, 2.250000, 89.250000, 0.750000, 90.750000, 0.750000;
3, 20.000000, -2.000000, 2.000000, 2.000000, 19.000000, -1.000000, 21.000000, -1.000000, 19.000000, -3.000000, 21.000000, -3.000000, 18.500000, -0.500000, 21.500000, -0.500000, 18.500000, -3.500000, 21.500000, -3.500000;
3, 45.000000, 2.000000, 3.000000, 4.000000, 43.500000, 4.000000, 46.500000, 4.000000, 43.500000, 0.000000, 46.500000, 0.000000, 43.000000, 4.500000, 47.000000, 4.500000, 43.000000, -0.500000, 47.000000, -0.500000;
