ID, cx, cy, L, W, ob1_x, ob1_y, ob2_x, ob2_y, ob3_x, ob3_y, ob4_x, ob4_y, v1_x, v1_y, v2_x, v2_y, v3_x, v3_y, v4_x, v4_y;
1, 65.000678, -0.500000, 0.500000, 0.500000, 64.750678, -0.250000, 65.250678, -0.250000, 64.750678, -0.750000, 65.250678, -0.750000, 64.250678, 0.250000, 65.750678, 0.250000, 64.250678, -1.250000, 65.750678, -1.250000;
1, 65.000678, -1.500000, 0.500000, 0.500000, 64.750678, -1.250000, 65.250678, -1.250000, 64.750678, -1.750000, 65.250678, -1.750000, 64.250678, -0.750000, 65.750678, -0.750000, 64.250678, -2.250000, 65.750678, -2.250000;
1, 90.000678, 0.500000, 0.500000, 0.500000, 89.750678, 0.750000, 90.250678, 0.750000, 89.750678, 0.250000, 90.250678, 0.250000, 89.250678, 1.250000, 90.750678, 1.250000, 89.250678, -0.250000, 90.750678, -0.250000;
1, 90.000678, 1.500000, 0.500000, 0.500000, 89.750678, 1.750000, 90.250678, 1.750000, 89.750678, 1.250000, 90.250678, 1.250000, 89.250678, 2.250000, 90.750678, 2.250000, 89.250678, 0.750000, 90.750678, 0.750000;
3, 20.000678, -2.000000, 2.000000, 2.000000, 19.000678, -1.000000, 21.000678, -1.000000, 19.000678, -3.000000, 21.000678, -3.000000, 18.500678, -0.500000, 21.500678, -0.500000, 18.500678, -3.500000, 21.500678, -3.500000;
3, 45.000678, 2.000000, 3.000000, 4.000000, 43.500678, 4.000000, 46.500678, 4.000000, 43.500678, 0.000000, 46.500678, 0.000000, 43.000678, 4.500000, 47.000678, 4.500000, 43.000678, -0.500000, 47.000678, -0.500000;
