ID, cx, cy, L, W, ob1_x, ob1_y, ob2_x, ob2_y, ob3_x, ob3_y, ob4_x, ob4_y, v1_x, v1_y, v2_x, v2_y, v3_x, v3_y, v4_x, v4_y;
1, 10.000000, 2.000000, 0.500000, 0.500000, 9.750000, 2.250000, 10.250000, 2.250000, 9.750000, 1.750000, 10.250000, 1.750000, 9.250000, 2.750000, 10.750000, 2.750000, 9.250000, 1.250000, 10.750000, 1.250000;
1, 25.000000, 4.000000, 0.500000, 0.500000, 24.750000, 4.250000, 25.250000, 4.250000, 24.750000, 3.750000, 25.250000, 3.750000, 24.250000, 4.750000, 25.750000, 4.750000, 24.250000, 3.250000, 25.750000, 3.250000;
1, 35.000000, 0.000000, 0.500000, 0.500000, 34.750000, 0.250000, 35.250000, 0.250000, 34.750000, -0.250000, 35.250000, -0.250000, 34.250000, 0.750000, 35.750000, 0.750000, 34.250000, -0.750000, 35.750000, -0.750000;
3, 70.000000, 3.000000, 1.000000, 2.000000, 69.500000, 4.000000, 70.500000, 4.000000, 69.500000, 2.000000, 70.500000, 2.000000, 69.000000, 4.500000, 71.000000, 4.500000, 69.000000, 1.500000, 71.000000, 1.500000;
3, 40.000000, 0.000000, 3.000000, 4.000000, 38.500000, 2.000000, 41.500000, 2.000000, 38.500000, -2.000000, 41.500000, -2.000000, 38.000000, 2.500000, 42.000000, 2.500000, 38.000000, -2.500000, 42.000000, -2.500000;
