x, y, cost, index, parent_index;
14.000000, 18.000000, 0.000000, 0, -1;
3.979567, 13.921923, 10.819534, 12404, 876;
3.885747, 1.704950, 23.054443, 11707, 15078;
25.954938, -1.984802, 45.747464, 4773, 16780;
34.334674, -8.136399, 56.183529, 15674, 17257;
63.318973, -10.510012, 85.332518, 16842, 17667;
74.407597, -7.970991, 96.867952, 14904, 17235;
82.980547, -1.658506, 107.586980, 1448, 15816;
127.962365, 0.245553, 172.959298, 9578, 17651;
180.566286, -1.041891, 205.843218, 17823, 6420;
