ID, cx, cy, L, W, v1_x, v1_y, v2_x, v2_y, v3_x, v3_y, v4_x, v4_y;
6, 0.000000, 0.000000, 6.000000, 100.000000, -3.000000, 50.000000, 3.000000, 50.000000, -3.000000, -50.000000, 3.000000, -50.000000;
6, 33.000000, 46.000000, 60.000000, 8.000000, 3.000000, 50.000000, 63.000000, 50.000000, 3.000000, 42.000000, 63.000000, 42.000000;
6, 66.000000, 0.000000, 6.000000, 100.000000, 63.000000, 50.000000, 69.000000, 50.000000, 63.000000, -50.000000, 69.000000, -50.000000;
6, 99.000000, -46.000000, 60.000000, 8.000000, 69.000000, -42.000000, 129.000000, -42.000000, 69.000000, -50.000000, 129.000000, -50.000000;
7, 132.000000, 0.000000, 6.000000, 100.000000, 129.000000, 50.000000, 135.000000, 50.000000, 129.000000, -50.000000, 135.000000, -50.000000;
6, 165.000000, 46.000000, 60.000000, 8.000000, 135.000000, 50.000000, 195.000000, 50.000000, 135.000000, 42.000000, 195.000000, 42.000000;
