ob1_x, ob1_y, ob2_x, ob2_y, ob3_x, ob3_y, ob4_x, ob4_y, v1_x, v1_y, v2_x, v2_y, v3_x, v3_y, v4_x, v4_y;
9.750000, 1.250000, 10.250000, 1.250000, 9.750000, 0.750000, 10.250000, 0.750000, 9.250000, 1.750000, 10.750000, 1.750000, 9.250000, 0.250000, 10.750000, 0.250000;
24.750000, 3.250000, 25.250000, 3.250000, 24.750000, 2.750000, 25.250000, 2.750000, 24.250000, 3.750000, 25.750000, 3.750000, 24.250000, 2.250000, 25.750000, 2.250000;
34.750000, -0.750000, 35.250000, -0.750000, 34.750000, -1.250000, 35.250000, -1.250000, 34.250000, -0.250000, 35.750000, -0.250000, 34.250000, -1.750000, 35.750000, -1.750000;
